{"cameraMode":{"drawMode":0,"name":"Shaded","section":"Shading Mode"},"sceneLighting":false,"audioPlay":false,"sceneViewState":{"showFog":true,"showMaterialUpdate":false,"showSkybox":true,"showFlares":true,"showImageEffects":true,"showParticleSystems":true},"in2DMode":false,"pivot":{"x":-18.10967254638672,"y":-29.37533950805664,"z":318.7185974121094},"rotation":{"x":-0.0703175812959671,"y":0.05922584608197212,"z":-0.004186307080090046,"w":-0.9957627654075623},"size":241.6007537841797,"orthographic":false}